year,hope,desire,ratio_hope_desire,z_hope,z_desire,z_ratio_hope_desire,z_hope_out,z_desire_out,z_ratio_hope_desire_out,z_ratio_hope_desire2,z_ratio_hope_desire2_out,GDPpc,z_GDPpc,text_per_year,year-20,year-19,year-18,year-17,year-16,year-15,year-14,year-13,year-12,year-11,year-10,year-9,year-8,year-7,year-6,year-5,year-4,year-3,year-2,year-1,year0,year1,year2,year3,year4,year5,year6,year7,year8,year9,year10,year11,year12,year13,year14,year15,year16,year17,year18,year19,year20,GDPpc-20,GDPpc-19,GDPpc-18,GDPpc-17,GDPpc-16,GDPpc-15,GDPpc-14,GDPpc-13,GDPpc-12,GDPpc-11,GDPpc-10,GDPpc-9,GDPpc-8,GDPpc-7,GDPpc-6,GDPpc-5,GDPpc-4,GDPpc-3,GDPpc-2,GDPpc-1,GDPpc0,GDPpc1,GDPpc2,GDPpc3,GDPpc4,GDPpc5,GDPpc6,GDPpc7,GDPpc8,GDPpc9,GDPpc10,GDPpc11,GDPpc12,GDPpc13,GDPpc14,GDPpc15,GDPpc16,GDPpc17,GDPpc18,GDPpc19,GDPpc20
1928,0.0015558148580318,0.0013613380007779,0.0666666666666392,0.0791387393902458,-1.7796316734148625,3.676253146774732,0.0791387393902458,-1.7796316734148625,,1.858770412805108,1.858770412805108,11451.069,-3.413127731337983,1,1908,1909,1910,1911,1912,1913,1914,1915,1916,1917,1918,1919,1920,1921,1922,1923,1924,1925,1926,1927,1928,1929.0,1930.0,1931.0,1932.0,1933.0,1934.0,1935.0,1936.0,1937.0,1938.0,1939.0,1940.0,1941.0,1942.0,1943.0,1944.0,1945.0,1946.0,1947.0,1948.0,8975.9761,9798.1182,9636.783,9735.889,9976.567,10107.969,9096.372,9164.177,10222.32,9769.078,10471.306,10449.78,10152.927,9674.88,10009.715,11071.243,11126.713,11149.772,11647.768,11532.398,11451.069,11954.235,10694.982,9930.963,8380.504,8048.225,8667.092,9680.839,10568.012,11295.099,10526.134,11171.448,12005.095,13553.402,14869.861,16050.217,16999.327,16477.552,14822.4665,14311.5472,14734.232
1933,0.0011378488681423,0.0091335612178645,-0.7777777777777901,-0.3096989391573748,0.0465871150322443,-0.3925496927606332,-0.3096989391573748,0.0465871150322443,-0.3925496927606332,-0.3562860541896192,-0.3562860541896192,8048.225,-3.791892696301957,1,1913,1914,1915,1916,1917,1918,1919,1920,1921,1922,1923,1924,1925,1926,1927,1928,1929,1930,1931,1932,1933,1934.0,1935.0,1936.0,1937.0,1938.0,1939.0,1940.0,1941.0,1942.0,1943.0,1944.0,1945.0,1946.0,1947.0,1948.0,1949.0,1950.0,1951.0,1952.0,1953.0,10107.969,9096.372,9164.177,10222.32,9769.078,10471.306,10449.78,10152.927,9674.88,10009.715,11071.243,11126.713,11149.772,11647.768,11532.398,11451.069,11954.235,10694.982,9930.963,8380.504,8048.225,8667.092,9680.839,10568.012,11295.099,10526.134,11171.448,12005.095,13553.402,14869.861,16050.217,16999.327,16477.552,14822.4665,14311.5472,14734.232,14196.672,15240.0,16125.0,16444.0,16917.0
1939,0.0026535027000862,0.0076986851095804,-0.4809523809523855,1.1003280289475648,-0.290561939344044,1.0376498015873863,1.1003280289475648,-0.290561939344044,1.0376498015873863,1.3908899682916087,1.3908899682916087,11171.448,-3.444251884625113,1,1919,1920,1921,1922,1923,1924,1925,1926,1927,1928,1929,1930,1931,1932,1933,1934,1935,1936,1937,1938,1939,1940.0,1941.0,1942.0,1943.0,1944.0,1945.0,1946.0,1947.0,1948.0,1949.0,1950.0,1951.0,1952.0,1953.0,1954.0,1955.0,1956.0,1957.0,1958.0,1959.0,10449.78,10152.927,9674.88,10009.715,11071.243,11126.713,11149.772,11647.768,11532.398,11451.069,11954.235,10694.982,9930.963,8380.504,8048.225,8667.092,9680.839,10568.012,11295.099,10526.134,11171.448,12005.095,13553.402,14869.861,16050.217,16999.327,16477.552,14822.4665,14311.5472,14734.232,14196.672,15240.0,16125.0,16444.0,16917.0,16512.0,17370.0,17397.0,17406.0,16946.0,17900.0
1940,0.0013136177534335,0.0069323415254307,-0.6852195423624143,-0.1461794974544228,-0.4706276699194807,0.0534254256241341,-0.1461794974544228,-0.4706276699194807,0.0534254256241341,0.3244481724650578,0.3244481724650578,12005.095,-3.351460009138807,1,1920,1921,1922,1923,1924,1925,1926,1927,1928,1929,1930,1931,1932,1933,1934,1935,1936,1937,1938,1939,1940,1941.0,1942.0,1943.0,1944.0,1945.0,1946.0,1947.0,1948.0,1949.0,1950.0,1951.0,1952.0,1953.0,1954.0,1955.0,1956.0,1957.0,1958.0,1959.0,1960.0,10152.927,9674.88,10009.715,11071.243,11126.713,11149.772,11647.768,11532.398,11451.069,11954.235,10694.982,9930.963,8380.504,8048.225,8667.092,9680.839,10568.012,11295.099,10526.134,11171.448,12005.095,13553.402,14869.861,16050.217,16999.327,16477.552,14822.4665,14311.5472,14734.232,14196.672,15240.0,16125.0,16444.0,16917.0,16512.0,17370.0,17397.0,17406.0,16946.0,17900.0,18057.0
1941,0.0025759219088937,0.0107104121475054,-0.6122448979591841,1.0281538916328168,0.4170956186943182,0.405040552368551,1.0281538916328168,0.4170956186943182,0.405040552368551,0.6110582729384986,0.6110582729384986,13553.402,-3.179120505297762,1,1921,1922,1923,1924,1925,1926,1927,1928,1929,1930,1931,1932,1933,1934,1935,1936,1937,1938,1939,1940,1941,1942.0,1943.0,1944.0,1945.0,1946.0,1947.0,1948.0,1949.0,1950.0,1951.0,1952.0,1953.0,1954.0,1955.0,1956.0,1957.0,1958.0,1959.0,1960.0,1961.0,9674.88,10009.715,11071.243,11126.713,11149.772,11647.768,11532.398,11451.069,11954.235,10694.982,9930.963,8380.504,8048.225,8667.092,9680.839,10568.012,11295.099,10526.134,11171.448,12005.095,13553.402,14869.861,16050.217,16999.327,16477.552,14822.4665,14311.5472,14734.232,14196.672,15240.0,16125.0,16444.0,16917.0,16512.0,17370.0,17397.0,17406.0,16946.0,17900.0,18057.0,18175.0
1943,0.0009714127116291,0.0070774354704412,-0.7586206896551908,-0.464536055789976,-0.4365353283761524,-0.3002447281614012,-0.464536055789976,-0.4365353283761524,-0.3002447281614012,-0.0280007274138235,-0.0280007274138235,16050.217,-2.9012041371079405,1,1923,1924,1925,1926,1927,1928,1929,1930,1931,1932,1933,1934,1935,1936,1937,1938,1939,1940,1941,1942,1943,1944.0,1945.0,1946.0,1947.0,1948.0,1949.0,1950.0,1951.0,1952.0,1953.0,1954.0,1955.0,1956.0,1957.0,1958.0,1959.0,1960.0,1961.0,1962.0,1963.0,11071.243,11126.713,11149.772,11647.768,11532.398,11451.069,11954.235,10694.982,9930.963,8380.504,8048.225,8667.092,9680.839,10568.012,11295.099,10526.134,11171.448,12005.095,13553.402,14869.861,16050.217,16999.327,16477.552,14822.4665,14311.5472,14734.232,14196.672,15240.0,16125.0,16444.0,16917.0,16512.0,17370.0,17397.0,17406.0,16946.0,17900.0,18057.0,18175.0,18976.0,19514.0
1944,0.0019734392675549,0.0105501111132525,-0.6800327332242233,0.4676586425209155,0.379430107503573,0.0784171274328711,0.4676586425209155,0.379430107503573,0.0784171274328711,0.0882285350173424,0.0882285350173424,16999.327,-2.795560265129984,1,1924,1925,1926,1927,1928,1929,1930,1931,1932,1933,1934,1935,1936,1937,1938,1939,1940,1941,1942,1943,1944,1945.0,1946.0,1947.0,1948.0,1949.0,1950.0,1951.0,1952.0,1953.0,1954.0,1955.0,1956.0,1957.0,1958.0,1959.0,1960.0,1961.0,1962.0,1963.0,1964.0,11126.713,11149.772,11647.768,11532.398,11451.069,11954.235,10694.982,9930.963,8380.504,8048.225,8667.092,9680.839,10568.012,11295.099,10526.134,11171.448,12005.095,13553.402,14869.861,16050.217,16999.327,16477.552,14822.4665,14311.5472,14734.232,14196.672,15240.0,16125.0,16444.0,16917.0,16512.0,17370.0,17397.0,17406.0,16946.0,17900.0,18057.0,18175.0,18976.0,19514.0,20360.0
1946,0.0027678924476077,0.0118623962040332,-0.6216216216216268,1.2067458833946878,0.6877742738566653,0.3598605051620282,1.2067458833946878,0.6877742738566653,0.3598605051620282,0.5189716095380225,0.5189716095380225,14822.4665,-3.037863024531813,1,1926,1927,1928,1929,1930,1931,1932,1933,1934,1935,1936,1937,1938,1939,1940,1941,1942,1943,1944,1945,1946,1947.0,1948.0,1949.0,1950.0,1951.0,1952.0,1953.0,1954.0,1955.0,1956.0,1957.0,1958.0,1959.0,1960.0,1961.0,1962.0,1963.0,1964.0,1965.0,1966.0,11647.768,11532.398,11451.069,11954.235,10694.982,9930.963,8380.504,8048.225,8667.092,9680.839,10568.012,11295.099,10526.134,11171.448,12005.095,13553.402,14869.861,16050.217,16999.327,16477.552,14822.4665,14311.5472,14734.232,14196.672,15240.0,16125.0,16444.0,16917.0,16512.0,17370.0,17397.0,17406.0,16946.0,17900.0,18057.0,18175.0,18976.0,19514.0,20360.0,21390.0,22529.0
1948,0.0013434043075127,0.0095773941531899,-0.7469696969697035,-0.1184687869653917,0.1508733691430335,-0.2441065269641572,-0.1184687869653917,0.1508733691430335,-0.2441065269641572,-0.2693421561084252,-0.2693421561084252,14734.232,-3.047684261503333,1,1928,1929,1930,1931,1932,1933,1934,1935,1936,1937,1938,1939,1940,1941,1942,1943,1944,1945,1946,1947,1948,1949.0,1950.0,1951.0,1952.0,1953.0,1954.0,1955.0,1956.0,1957.0,1958.0,1959.0,1960.0,1961.0,1962.0,1963.0,1964.0,1965.0,1966.0,1967.0,1968.0,11451.069,11954.235,10694.982,9930.963,8380.504,8048.225,8667.092,9680.839,10568.012,11295.099,10526.134,11171.448,12005.095,13553.402,14869.861,16050.217,16999.327,16477.552,14822.4665,14311.5472,14734.232,14196.672,15240.0,16125.0,16444.0,16917.0,16512.0,17370.0,17397.0,17406.0,16946.0,17900.0,18057.0,18175.0,18976.0,19514.0,20360.0,21390.0,22529.0,22842.0,23691.0
1950,0.0015565984603801,0.0120146192842882,-0.7628205128205161,0.0798677320006206,0.7235417295038367,-0.3204808165542431,0.0798677320006206,0.7235417295038367,-0.3204808165542431,-0.6436739975032161,-0.6436739975032161,15240.0,-2.991388057857236,1,1930,1931,1932,1933,1934,1935,1936,1937,1938,1939,1940,1941,1942,1943,1944,1945,1946,1947,1948,1949,1950,1951.0,1952.0,1953.0,1954.0,1955.0,1956.0,1957.0,1958.0,1959.0,1960.0,1961.0,1962.0,1963.0,1964.0,1965.0,1966.0,1967.0,1968.0,1969.0,1970.0,10694.982,9930.963,8380.504,8048.225,8667.092,9680.839,10568.012,11295.099,10526.134,11171.448,12005.095,13553.402,14869.861,16050.217,16999.327,16477.552,14822.4665,14311.5472,14734.232,14196.672,15240.0,16125.0,16444.0,16917.0,16512.0,17370.0,17397.0,17406.0,16946.0,17900.0,18057.0,18175.0,18976.0,19514.0,20360.0,21390.0,22529.0,22842.0,23691.0,24195.0,23958.0
1951,0.0023747841105354,0.0077720207253886,-0.5319148936170222,0.8410335122868856,-0.2733304631357098,0.7920961507771752,0.8410335122868856,-0.2733304631357098,0.7920961507771752,1.1143639754225956,1.1143639754225956,16125.0,-2.8928801644618534,1,1931,1932,1933,1934,1935,1936,1937,1938,1939,1940,1941,1942,1943,1944,1945,1946,1947,1948,1949,1950,1951,1952.0,1953.0,1954.0,1955.0,1956.0,1957.0,1958.0,1959.0,1960.0,1961.0,1962.0,1963.0,1964.0,1965.0,1966.0,1967.0,1968.0,1969.0,1970.0,1971.0,9930.963,8380.504,8048.225,8667.092,9680.839,10568.012,11295.099,10526.134,11171.448,12005.095,13553.402,14869.861,16050.217,16999.327,16477.552,14822.4665,14311.5472,14734.232,14196.672,15240.0,16125.0,16444.0,16917.0,16512.0,17370.0,17397.0,17406.0,16946.0,17900.0,18057.0,18175.0,18976.0,19514.0,20360.0,21390.0,22529.0,22842.0,23691.0,24195.0,23958.0,24394.0
1953,0.0013684731170352,0.0120805060140142,-0.8051295610788044,-0.0951470384631787,0.7390229605974501,-0.5243393140834918,-0.0951470384631787,0.7390229605974501,-0.5243393140834918,-0.8341699990606288,-0.8341699990606288,16917.0,-2.8047239479995447,1,1933,1934,1935,1936,1937,1938,1939,1940,1941,1942,1943,1944,1945,1946,1947,1948,1949,1950,1951,1952,1953,1954.0,1955.0,1956.0,1957.0,1958.0,1959.0,1960.0,1961.0,1962.0,1963.0,1964.0,1965.0,1966.0,1967.0,1968.0,1969.0,1970.0,1971.0,1972.0,1973.0,8048.225,8667.092,9680.839,10568.012,11295.099,10526.134,11171.448,12005.095,13553.402,14869.861,16050.217,16999.327,16477.552,14822.4665,14311.5472,14734.232,14196.672,15240.0,16125.0,16444.0,16917.0,16512.0,17370.0,17397.0,17406.0,16946.0,17900.0,18057.0,18175.0,18976.0,19514.0,20360.0,21390.0,22529.0,22842.0,23691.0,24195.0,23958.0,24394.0,25414.0,26602.0
1954,0.001758228216482,0.0059215734492135,-0.5547619047619176,0.2674457842472461,-0.708125178675088,0.6820119594099076,0.2674457842472461,-0.708125178675088,0.6820119594099076,0.975570962922334,0.975570962922334,16512.0,-2.8498038314177707,1,1934,1935,1936,1937,1938,1939,1940,1941,1942,1943,1944,1945,1946,1947,1948,1949,1950,1951,1952,1953,1954,1955.0,1956.0,1957.0,1958.0,1959.0,1960.0,1961.0,1962.0,1963.0,1964.0,1965.0,1966.0,1967.0,1968.0,1969.0,1970.0,1971.0,1972.0,1973.0,1974.0,8667.092,9680.839,10568.012,11295.099,10526.134,11171.448,12005.095,13553.402,14869.861,16050.217,16999.327,16477.552,14822.4665,14311.5472,14734.232,14196.672,15240.0,16125.0,16444.0,16917.0,16512.0,17370.0,17397.0,17406.0,16946.0,17900.0,18057.0,18175.0,18976.0,19514.0,20360.0,21390.0,22529.0,22842.0,23691.0,24195.0,23958.0,24394.0,25414.0,26602.0,26286.0
1955,0.0012510854712751,0.0146464080659748,-0.8176470588235353,-0.2043538657449597,1.341926197640869,-0.5846526132030649,-0.2043538657449597,0.932720158068497,-0.5846526132030649,-1.2244130724681626,0.3103778791370652,17370.0,-2.754301263583604,1,1935,1936,1937,1938,1939,1940,1941,1942,1943,1944,1945,1946,1947,1948,1949,1950,1951,1952,1953,1954,1955,1956.0,1957.0,1958.0,1959.0,1960.0,1961.0,1962.0,1963.0,1964.0,1965.0,1966.0,1967.0,1968.0,1969.0,1970.0,1971.0,1972.0,1973.0,1974.0,1975.0,9680.839,10568.012,11295.099,10526.134,11171.448,12005.095,13553.402,14869.861,16050.217,16999.327,16477.552,14822.4665,14311.5472,14734.232,14196.672,15240.0,16125.0,16444.0,16917.0,16512.0,17370.0,17397.0,17406.0,16946.0,17900.0,18057.0,18175.0,18976.0,19514.0,20360.0,21390.0,22529.0,22842.0,23691.0,24195.0,23958.0,24394.0,25414.0,26602.0,26286.0,25956.0
1956,0.0029807565739968,0.0052804881197933,-0.3800000000000045,1.4047753756342516,-0.8587593075316907,1.5240705921784654,1.4047753756342516,-0.8587593075316907,1.5240705921784654,1.9451781050961776,1.8362467693124207,17397.0,-2.751295938022388,1,1936,1937,1938,1939,1940,1941,1942,1943,1944,1945,1946,1947,1948,1949,1950,1951,1952,1953,1954,1955,1956,1957.0,1958.0,1959.0,1960.0,1961.0,1962.0,1963.0,1964.0,1965.0,1966.0,1967.0,1968.0,1969.0,1970.0,1971.0,1972.0,1973.0,1974.0,1975.0,1976.0,10568.012,11295.099,10526.134,11171.448,12005.095,13553.402,14869.861,16050.217,16999.327,16477.552,14822.4665,14311.5472,14734.232,14196.672,15240.0,16125.0,16444.0,16917.0,16512.0,17370.0,17397.0,17406.0,16946.0,17900.0,18057.0,18175.0,18976.0,19514.0,20360.0,21390.0,22529.0,22842.0,23691.0,24195.0,23958.0,24394.0,25414.0,26602.0,26286.0,25956.0,27058.0
1957,0.0013456580413686,0.0098357392337714,-0.7603174603174656,-0.1163721172320371,0.2115760312878381,-0.30842031074013,-0.1163721172320371,0.2115760312878381,-0.30842031074013,-0.3279481485198752,-0.3279481485198752,17406.0,-2.7502941628353166,1,1937,1938,1939,1940,1941,1942,1943,1944,1945,1946,1947,1948,1949,1950,1951,1952,1953,1954,1955,1956,1957,1958.0,1959.0,1960.0,1961.0,1962.0,1963.0,1964.0,1965.0,1966.0,1967.0,1968.0,1969.0,1970.0,1971.0,1972.0,1973.0,1974.0,1975.0,1976.0,1977.0,11295.099,10526.134,11171.448,12005.095,13553.402,14869.861,16050.217,16999.327,16477.552,14822.4665,14311.5472,14734.232,14196.672,15240.0,16125.0,16444.0,16917.0,16512.0,17370.0,17397.0,17406.0,16946.0,17900.0,18057.0,18175.0,18976.0,19514.0,20360.0,21390.0,22529.0,22842.0,23691.0,24195.0,23958.0,24394.0,25414.0,26602.0,26286.0,25956.0,27058.0,28001.0
1960,0.0023699927563908,0.0120758525406544,-0.7113612194257403,0.8365760706104339,0.7379295462366197,-0.0725335176376165,-0.2701886239789734,0.7379295462366197,-0.0725335176376165,-0.5669338142998792,-0.5669338142998792,18057.0,-2.677832424303798,1,1940,1941,1942,1943,1944,1945,1946,1947,1948,1949,1950,1951,1952,1953,1954,1955,1956,1957,1958,1959,1960,1961.0,1962.0,1963.0,1964.0,1965.0,1966.0,1967.0,1968.0,1969.0,1970.0,1971.0,1972.0,1973.0,1974.0,1975.0,1976.0,1977.0,1978.0,1979.0,1980.0,12005.095,13553.402,14869.861,16050.217,16999.327,16477.552,14822.4665,14311.5472,14734.232,14196.672,15240.0,16125.0,16444.0,16917.0,16512.0,17370.0,17397.0,17406.0,16946.0,17900.0,18057.0,18175.0,18976.0,19514.0,20360.0,21390.0,22529.0,22842.0,23691.0,24195.0,23958.0,24394.0,25414.0,26602.0,26286.0,25956.0,27058.0,28001.0,29286.0,29949.0,29611.0
1963,0.0023640661938534,0.0090925622840516,-0.5873015873015895,0.8310625339242743,0.0369537036975176,0.5252253838263561,0.8310625339242743,0.0369537036975176,0.5252253838263561,0.7941088302267567,0.7941088302267567,19514.0,-2.515656152352304,1,1943,1944,1945,1946,1947,1948,1949,1950,1951,1952,1953,1954,1955,1956,1957,1958,1959,1960,1961,1962,1963,1964.0,1965.0,1966.0,1967.0,1968.0,1969.0,1970.0,1971.0,1972.0,1973.0,1974.0,1975.0,1976.0,1977.0,1978.0,1979.0,1980.0,1981.0,1982.0,1983.0,16050.217,16999.327,16477.552,14822.4665,14311.5472,14734.232,14196.672,15240.0,16125.0,16444.0,16917.0,16512.0,17370.0,17397.0,17406.0,16946.0,17900.0,18057.0,18175.0,18976.0,19514.0,20360.0,21390.0,22529.0,22842.0,23691.0,24195.0,23958.0,24394.0,25414.0,26602.0,26286.0,25956.0,27058.0,28001.0,29286.0,29949.0,29611.0,30056.0,29210.0,30158.0
1964,,0.0006535947712418,,,-1.9459282332374888,,,-1.9459282332374888,,,,20360.0,-2.421489284767565,1,1944,1945,1946,1947,1948,1949,1950,1951,1952,1953,1954,1955,1956,1957,1958,1959,1960,1961,1962,1963,1964,1965.0,1966.0,1967.0,1968.0,1969.0,1970.0,1971.0,1972.0,1973.0,1974.0,1975.0,1976.0,1977.0,1978.0,1979.0,1980.0,1981.0,1982.0,1983.0,1984.0,16999.327,16477.552,14822.4665,14311.5472,14734.232,14196.672,15240.0,16125.0,16444.0,16917.0,16512.0,17370.0,17397.0,17406.0,16946.0,17900.0,18057.0,18175.0,18976.0,19514.0,20360.0,21390.0,22529.0,22842.0,23691.0,24195.0,23958.0,24394.0,25414.0,26602.0,26286.0,25956.0,27058.0,28001.0,29286.0,29949.0,29611.0,30056.0,29210.0,30158.0,32076.0
1965,0.0016602102933038,0.0097767939494558,-0.709677419354841,0.1762587914616227,0.197725813312762,-0.0644204315077268,0.1762587914616227,0.197725813312762,-0.0644204315077268,-0.0214670218511393,-0.0214670218511393,21390.0,-2.306841680024916,1,1945,1946,1947,1948,1949,1950,1951,1952,1953,1954,1955,1956,1957,1958,1959,1960,1961,1962,1963,1964,1965,1966.0,1967.0,1968.0,1969.0,1970.0,1971.0,1972.0,1973.0,1974.0,1975.0,1976.0,1977.0,1978.0,1979.0,1980.0,1981.0,1982.0,1983.0,1984.0,1985.0,16477.552,14822.4665,14311.5472,14734.232,14196.672,15240.0,16125.0,16444.0,16917.0,16512.0,17370.0,17397.0,17406.0,16946.0,17900.0,18057.0,18175.0,18976.0,19514.0,20360.0,21390.0,22529.0,22842.0,23691.0,24195.0,23958.0,24394.0,25414.0,26602.0,26286.0,25956.0,27058.0,28001.0,29286.0,29949.0,29611.0,30056.0,29210.0,30158.0,32076.0,33023.0
1966,0.0012416190712689,0.0062080953563446,-0.6666666666666712,-0.2131605464119992,-0.640801881918224,0.1428191019151198,-0.2131605464119992,-0.640801881918224,0.1428191019151198,0.4276413355062247,0.4276413355062247,22529.0,-2.180061464683288,1,1946,1947,1948,1949,1950,1951,1952,1953,1954,1955,1956,1957,1958,1959,1960,1961,1962,1963,1964,1965,1966,1967.0,1968.0,1969.0,1970.0,1971.0,1972.0,1973.0,1974.0,1975.0,1976.0,1977.0,1978.0,1979.0,1980.0,1981.0,1982.0,1983.0,1984.0,1985.0,1986.0,14822.4665,14311.5472,14734.232,14196.672,15240.0,16125.0,16444.0,16917.0,16512.0,17370.0,17397.0,17406.0,16946.0,17900.0,18057.0,18175.0,18976.0,19514.0,20360.0,21390.0,22529.0,22842.0,23691.0,24195.0,23958.0,24394.0,25414.0,26602.0,26286.0,25956.0,27058.0,28001.0,29286.0,29949.0,29611.0,30056.0,29210.0,30158.0,32076.0,33023.0,33850.0
1967,0.0011539425720972,0.0107203701124882,-0.8231657179000749,-0.2947268155003509,0.4194354154601177,-0.6112432739253632,-0.2947268155003509,-0.4259008250686578,-0.6112432739253632,-0.3884336579646068,-0.3884336579646068,22842.0,-2.145221949844017,1,1947,1948,1949,1950,1951,1952,1953,1954,1955,1956,1957,1958,1959,1960,1961,1962,1963,1964,1965,1966,1967,1968.0,1969.0,1970.0,1971.0,1972.0,1973.0,1974.0,1975.0,1976.0,1977.0,1978.0,1979.0,1980.0,1981.0,1982.0,1983.0,1984.0,1985.0,1986.0,1987.0,14311.5472,14734.232,14196.672,15240.0,16125.0,16444.0,16917.0,16512.0,17370.0,17397.0,17406.0,16946.0,17900.0,18057.0,18175.0,18976.0,19514.0,20360.0,21390.0,22529.0,22842.0,23691.0,24195.0,23958.0,24394.0,25414.0,26602.0,26286.0,25956.0,27058.0,28001.0,29286.0,29949.0,29611.0,30056.0,29210.0,30158.0,32076.0,33023.0,33850.0,34730.0
1968,0.0030147013194861,0.0031465949485239,-0.0681818181818154,1.4363544905723338,-1.3601545573932698,3.0265101096002582,-0.4118799381342278,-1.3601545573932698,0.2888287731902907,0.6006485859044423,0.6006485859044423,23691.0,-2.050721157196921,1,1948,1949,1950,1951,1952,1953,1954,1955,1956,1957,1958,1959,1960,1961,1962,1963,1964,1965,1966,1967,1968,1969.0,1970.0,1971.0,1972.0,1973.0,1974.0,1975.0,1976.0,1977.0,1978.0,1979.0,1980.0,1981.0,1982.0,1983.0,1984.0,1985.0,1986.0,1987.0,1988.0,14734.232,14196.672,15240.0,16125.0,16444.0,16917.0,16512.0,17370.0,17397.0,17406.0,16946.0,17900.0,18057.0,18175.0,18976.0,19514.0,20360.0,21390.0,22529.0,22842.0,23691.0,24195.0,23958.0,24394.0,25414.0,26602.0,26286.0,25956.0,27058.0,28001.0,29286.0,29949.0,29611.0,30056.0,29210.0,30158.0,32076.0,33023.0,33850.0,34730.0,35863.0
1969,0.0013395831823793,0.0062097130525092,-0.3837209302325639,-0.1220236154975492,-0.6404217761174414,1.506141962775366,-0.1220236154975492,-0.6404217761174414,-0.3427479444187021,0.5183981606198923,0.5183981606198923,24195.0,-1.9946217467209064,1,1949,1950,1951,1952,1953,1954,1955,1956,1957,1958,1959,1960,1961,1962,1963,1964,1965,1966,1967,1968,1969,1970.0,1971.0,1972.0,1973.0,1974.0,1975.0,1976.0,1977.0,1978.0,1979.0,1980.0,1981.0,1982.0,1983.0,1984.0,1985.0,1986.0,1987.0,1988.0,1989.0,14196.672,15240.0,16125.0,16444.0,16917.0,16512.0,17370.0,17397.0,17406.0,16946.0,17900.0,18057.0,18175.0,18976.0,19514.0,20360.0,21390.0,22529.0,22842.0,23691.0,24195.0,23958.0,24394.0,25414.0,26602.0,26286.0,25956.0,27058.0,28001.0,29286.0,29949.0,29611.0,30056.0,29210.0,30158.0,32076.0,33023.0,33850.0,34730.0,35863.0,36756.0
1970,0.0023289390580058,0.0071614100169278,-0.526695526695531,0.7983834301516954,-0.4168040506886982,0.8172447263767366,0.1164074186832587,-0.4168040506886982,0.8172447263767366,0.8065085895614437,0.8065085895614437,23958.0,-2.021001826647128,1,1950,1951,1952,1953,1954,1955,1956,1957,1958,1959,1960,1961,1962,1963,1964,1965,1966,1967,1968,1969,1970,1971.0,1972.0,1973.0,1974.0,1975.0,1976.0,1977.0,1978.0,1979.0,1980.0,1981.0,1982.0,1983.0,1984.0,1985.0,1986.0,1987.0,1988.0,1989.0,1990.0,15240.0,16125.0,16444.0,16917.0,16512.0,17370.0,17397.0,17406.0,16946.0,17900.0,18057.0,18175.0,18976.0,19514.0,20360.0,21390.0,22529.0,22842.0,23691.0,24195.0,23958.0,24394.0,25414.0,26602.0,26286.0,25956.0,27058.0,28001.0,29286.0,29949.0,29611.0,30056.0,29210.0,30158.0,32076.0,33023.0,33850.0,34730.0,35863.0,36756.0,36982.0
1971,0.0008617283873938,0.0086459291795958,-0.7277714689479475,-0.5665764108436934,-0.0679904987678026,-0.1516033372009036,-0.5665764108436934,-0.0679904987678026,-0.1516033372009036,-0.4985859120758906,-0.1005863447310858,24394.0,-1.9724713842512105,1,1951,1952,1953,1954,1955,1956,1957,1958,1959,1960,1961,1962,1963,1964,1965,1966,1967,1968,1969,1970,1971,1972.0,1973.0,1974.0,1975.0,1976.0,1977.0,1978.0,1979.0,1980.0,1981.0,1982.0,1983.0,1984.0,1985.0,1986.0,1987.0,1988.0,1989.0,1990.0,1991.0,16125.0,16444.0,16917.0,16512.0,17370.0,17397.0,17406.0,16946.0,17900.0,18057.0,18175.0,18976.0,19514.0,20360.0,21390.0,22529.0,22842.0,23691.0,24195.0,23958.0,24394.0,25414.0,26602.0,26286.0,25956.0,27058.0,28001.0,29286.0,29949.0,29611.0,30056.0,29210.0,30158.0,32076.0,33023.0,33850.0,34730.0,35863.0,36756.0,36982.0,36463.9576
1972,0.0018255191156537,0.0145030358941717,-0.7685082042351452,0.330047138554153,1.3082384166065102,-0.3478859290284802,0.330047138554153,1.1313338625869158,-0.3478859290284802,-0.7646645369250948,-0.0528495364968533,25414.0,-1.8589368630497525,1,1952,1953,1954,1955,1956,1957,1958,1959,1960,1961,1962,1963,1964,1965,1966,1967,1968,1969,1970,1971,1972,1973.0,1974.0,1975.0,1976.0,1977.0,1978.0,1979.0,1980.0,1981.0,1982.0,1983.0,1984.0,1985.0,1986.0,1987.0,1988.0,1989.0,1990.0,1991.0,1992.0,16444.0,16917.0,16512.0,17370.0,17397.0,17406.0,16946.0,17900.0,18057.0,18175.0,18976.0,19514.0,20360.0,21390.0,22529.0,22842.0,23691.0,24195.0,23958.0,24394.0,25414.0,26602.0,26286.0,25956.0,27058.0,28001.0,29286.0,29949.0,29611.0,30056.0,29210.0,30158.0,32076.0,33023.0,33850.0,34730.0,35863.0,36756.0,36982.0,36463.9576,37240.299
1973,0.0006213558693205,0.0107648828268623,-0.895670995671004,-0.7901972177399055,0.4298944505449476,-0.9605968424360164,-0.7901972177399055,0.4298944505449476,-0.9605968424360164,-1.2200916682848533,-1.2200916682848533,26602.0,-1.7267025383562893,1,1953,1954,1955,1956,1957,1958,1959,1960,1961,1962,1963,1964,1965,1966,1967,1968,1969,1970,1971,1972,1973,1974.0,1975.0,1976.0,1977.0,1978.0,1979.0,1980.0,1981.0,1982.0,1983.0,1984.0,1985.0,1986.0,1987.0,1988.0,1989.0,1990.0,1991.0,1992.0,1993.0,16917.0,16512.0,17370.0,17397.0,17406.0,16946.0,17900.0,18057.0,18175.0,18976.0,19514.0,20360.0,21390.0,22529.0,22842.0,23691.0,24195.0,23958.0,24394.0,25414.0,26602.0,26286.0,25956.0,27058.0,28001.0,29286.0,29949.0,29611.0,30056.0,29210.0,30158.0,32076.0,33023.0,33850.0,34730.0,35863.0,36756.0,36982.0,36463.9576,37240.299,37761.5352
1974,0.0015533247971384,0.0121919696261642,-0.7744297381019511,0.0768222123985424,0.765213271535651,-0.3764177690686101,0.0768222123985424,0.765213271535651,-0.3764177690686101,-0.6883910591371085,-0.6883910591371085,26286.0,-1.7618759782579174,1,1954,1955,1956,1957,1958,1959,1960,1961,1962,1963,1964,1965,1966,1967,1968,1969,1970,1971,1972,1973,1974,1975.0,1976.0,1977.0,1978.0,1979.0,1980.0,1981.0,1982.0,1983.0,1984.0,1985.0,1986.0,1987.0,1988.0,1989.0,1990.0,1991.0,1992.0,1993.0,1994.0,16512.0,17370.0,17397.0,17406.0,16946.0,17900.0,18057.0,18175.0,18976.0,19514.0,20360.0,21390.0,22529.0,22842.0,23691.0,24195.0,23958.0,24394.0,25414.0,26602.0,26286.0,25956.0,27058.0,28001.0,29286.0,29949.0,29611.0,30056.0,29210.0,30158.0,32076.0,33023.0,33850.0,34730.0,35863.0,36756.0,36982.0,36463.9576,37240.299,37761.5352,38807.28
1975,0.0017301567847207,0.0120193620415989,-0.7051047200541516,0.2413306681286428,0.7246561226791072,-0.042387706890506,-0.0558288587290341,0.1680932487837219,-0.528318983832469,-0.5130336185478804,-0.5130336185478804,25956.0,-1.7986077351172127,1,1955,1956,1957,1958,1959,1960,1961,1962,1963,1964,1965,1966,1967,1968,1969,1970,1971,1972,1973,1974,1975,1976.0,1977.0,1978.0,1979.0,1980.0,1981.0,1982.0,1983.0,1984.0,1985.0,1986.0,1987.0,1988.0,1989.0,1990.0,1991.0,1992.0,1993.0,1994.0,1995.0,17370.0,17397.0,17406.0,16946.0,17900.0,18057.0,18175.0,18976.0,19514.0,20360.0,21390.0,22529.0,22842.0,23691.0,24195.0,23958.0,24394.0,25414.0,26602.0,26286.0,25956.0,27058.0,28001.0,29286.0,29949.0,29611.0,30056.0,29210.0,30158.0,32076.0,33023.0,33850.0,34730.0,35863.0,36756.0,36982.0,36463.9576,37240.299,37761.5352,38807.28,39390.6254
1976,0.0011175116787169,0.0089510755181731,-0.78621368038742,-0.3286188171273915,0.0037089315201248,-0.4331965638697069,-0.3286188171273915,0.0037089315201248,-0.4331965638697069,-0.3323277486475162,-0.3323277486475162,27058.0,-1.6759459288779903,1,1956,1957,1958,1959,1960,1961,1962,1963,1964,1965,1966,1967,1968,1969,1970,1971,1972,1973,1974,1975,1976,1977.0,1978.0,1979.0,1980.0,1981.0,1982.0,1983.0,1984.0,1985.0,1986.0,1987.0,1988.0,1989.0,1990.0,1991.0,1992.0,1993.0,1994.0,1995.0,1996.0,17397.0,17406.0,16946.0,17900.0,18057.0,18175.0,18976.0,19514.0,20360.0,21390.0,22529.0,22842.0,23691.0,24195.0,23958.0,24394.0,25414.0,26602.0,26286.0,25956.0,27058.0,28001.0,29286.0,29949.0,29611.0,30056.0,29210.0,30158.0,32076.0,33023.0,33850.0,34730.0,35863.0,36756.0,36982.0,36463.9576,37240.299,37761.5352,38807.28,39390.6254,40412.751
1977,0.0017589263571607,0.0059089226761369,-0.5410256410256545,0.2680952710652455,-0.7110976974558129,0.7481976620483856,0.2680952710652455,-0.7110976974558129,0.7481976620483856,0.9791929685210584,-0.1776093717330292,28001.0,-1.5709821509437014,1,1957,1958,1959,1960,1961,1962,1963,1964,1965,1966,1967,1968,1969,1970,1971,1972,1973,1974,1975,1976,1977,1978.0,1979.0,1980.0,1981.0,1982.0,1983.0,1984.0,1985.0,1986.0,1987.0,1988.0,1989.0,1990.0,1991.0,1992.0,1993.0,1994.0,1995.0,1996.0,1997.0,17406.0,16946.0,17900.0,18057.0,18175.0,18976.0,19514.0,20360.0,21390.0,22529.0,22842.0,23691.0,24195.0,23958.0,24394.0,25414.0,26602.0,26286.0,25956.0,27058.0,28001.0,29286.0,29949.0,29611.0,30056.0,29210.0,30158.0,32076.0,33023.0,33850.0,34730.0,35863.0,36756.0,36982.0,36463.9576,37240.299,37761.5352,38807.28,39390.6254,40412.751,41722.6703
1978,0.0010582854998363,0.0081744735828754,-0.7281746031746078,-0.383717486546155,-0.178767176765999,-0.1535457665660803,-0.383717486546155,-0.178767176765999,-0.1535457665660803,-0.2049503097801559,-0.2049503097801559,29286.0,-1.4279509159006885,1,1958,1959,1960,1961,1962,1963,1964,1965,1966,1967,1968,1969,1970,1971,1972,1973,1974,1975,1976,1977,1978,1979.0,1980.0,1981.0,1982.0,1983.0,1984.0,1985.0,1986.0,1987.0,1988.0,1989.0,1990.0,1991.0,1992.0,1993.0,1994.0,1995.0,1996.0,1997.0,1998.0,16946.0,17900.0,18057.0,18175.0,18976.0,19514.0,20360.0,21390.0,22529.0,22842.0,23691.0,24195.0,23958.0,24394.0,25414.0,26602.0,26286.0,25956.0,27058.0,28001.0,29286.0,29949.0,29611.0,30056.0,29210.0,30158.0,32076.0,33023.0,33850.0,34730.0,35863.0,36756.0,36982.0,36463.9576,37240.299,37761.5352,38807.28,39390.6254,40412.751,41722.6703,43072.758
1979,0.0017861879138067,0.0063940230606027,-0.5245235921465503,0.2934569527719822,-0.5971149396720713,0.8277098002111575,0.2934569527719822,-0.5971149396720713,0.3222453862595022,0.8905718924440537,0.464170192795908,29949.0,-1.35415347711974,1,1959,1960,1961,1962,1963,1964,1965,1966,1967,1968,1969,1970,1971,1972,1973,1974,1975,1976,1977,1978,1979,1980.0,1981.0,1982.0,1983.0,1984.0,1985.0,1986.0,1987.0,1988.0,1989.0,1990.0,1991.0,1992.0,1993.0,1994.0,1995.0,1996.0,1997.0,1998.0,1999.0,17900.0,18057.0,18175.0,18976.0,19514.0,20360.0,21390.0,22529.0,22842.0,23691.0,24195.0,23958.0,24394.0,25414.0,26602.0,26286.0,25956.0,27058.0,28001.0,29286.0,29949.0,29611.0,30056.0,29210.0,30158.0,32076.0,33023.0,33850.0,34730.0,35863.0,36756.0,36982.0,36463.9576,37240.299,37761.5352,38807.28,39390.6254,40412.751,41722.6703,43072.758,44575.8486
1980,0.0019597358525619,0.0074674703865032,-0.5613733054742637,0.4549102270925179,-0.3448898529480844,0.6501561207355255,0.2047638460642906,-0.3448898529480844,0.0270089940278595,0.4555906477328216,0.1758377046620315,29611.0,-1.3917757008119882,1,1960,1961,1962,1963,1964,1965,1966,1967,1968,1969,1970,1971,1972,1973,1974,1975,1976,1977,1978,1979,1980,1981.0,1982.0,1983.0,1984.0,1985.0,1986.0,1987.0,1988.0,1989.0,1990.0,1991.0,1992.0,1993.0,1994.0,1995.0,1996.0,1997.0,1998.0,1999.0,2000.0,18057.0,18175.0,18976.0,19514.0,20360.0,21390.0,22529.0,22842.0,23691.0,24195.0,23958.0,24394.0,25414.0,26602.0,26286.0,25956.0,27058.0,28001.0,29286.0,29949.0,29611.0,30056.0,29210.0,30158.0,32076.0,33023.0,33850.0,34730.0,35863.0,36756.0,36982.0,36463.9576,37240.299,37761.5352,38807.28,39390.6254,40412.751,41722.6703,43072.758,44575.8486,45886.4705
1981,0.0019350110341041,0.0089948188328421,-0.6569583334974514,0.431908496702545,0.013987182785714,0.1895969495591591,0.0844806773413747,0.013987182785714,0.1895969495591591,-0.0103797448260126,-0.0103797448260126,30056.0,-1.3422434832289991,1,1961,1962,1963,1964,1965,1966,1967,1968,1969,1970,1971,1972,1973,1974,1975,1976,1977,1978,1979,1980,1981,1982.0,1983.0,1984.0,1985.0,1986.0,1987.0,1988.0,1989.0,1990.0,1991.0,1992.0,1993.0,1994.0,1995.0,1996.0,1997.0,1998.0,1999.0,2000.0,2001.0,18175.0,18976.0,19514.0,20360.0,21390.0,22529.0,22842.0,23691.0,24195.0,23958.0,24394.0,25414.0,26602.0,26286.0,25956.0,27058.0,28001.0,29286.0,29949.0,29611.0,30056.0,29210.0,30158.0,32076.0,33023.0,33850.0,34730.0,35863.0,36756.0,36982.0,36463.9576,37240.299,37761.5352,38807.28,39390.6254,40412.751,41722.6703,43072.758,44575.8486,45886.4705,45878.0092
1982,0.001804316755575,0.0097817172584112,-0.6805041809388954,0.3103223842148536,0.1988826302317657,0.0761455418800616,0.1510704288816713,0.1988826302317657,0.0761455418800616,-0.2499804258107067,-0.016771127592153,29210.0,-1.4364103508137382,1,1962,1963,1964,1965,1966,1967,1968,1969,1970,1971,1972,1973,1974,1975,1976,1977,1978,1979,1980,1981,1982,1983.0,1984.0,1985.0,1986.0,1987.0,1988.0,1989.0,1990.0,1991.0,1992.0,1993.0,1994.0,1995.0,1996.0,1997.0,1998.0,1999.0,2000.0,2001.0,2002.0,18976.0,19514.0,20360.0,21390.0,22529.0,22842.0,23691.0,24195.0,23958.0,24394.0,25414.0,26602.0,26286.0,25956.0,27058.0,28001.0,29286.0,29949.0,29611.0,30056.0,29210.0,30158.0,32076.0,33023.0,33850.0,34730.0,35863.0,36756.0,36982.0,36463.9576,37240.299,37761.5352,38807.28,39390.6254,40412.751,41722.6703,43072.758,44575.8486,45886.4705,45878.0092,46266.2959
1983,0.0001379976540398,0.0054509073345753,-0.9506172839506456,-1.2398698965776662,-0.8187163541508574,-1.2253455955896015,-1.2398698965776662,-0.8187163541508574,-1.2253455955896015,-0.4211535424268088,-0.4211535424268088,30158.0,-1.3308900311088534,1,1963,1964,1965,1966,1967,1968,1969,1970,1971,1972,1973,1974,1975,1976,1977,1978,1979,1980,1981,1982,1983,1984.0,1985.0,1986.0,1987.0,1988.0,1989.0,1990.0,1991.0,1992.0,1993.0,1994.0,1995.0,1996.0,1997.0,1998.0,1999.0,2000.0,2001.0,2002.0,2003.0,19514.0,20360.0,21390.0,22529.0,22842.0,23691.0,24195.0,23958.0,24394.0,25414.0,26602.0,26286.0,25956.0,27058.0,28001.0,29286.0,29949.0,29611.0,30056.0,29210.0,30158.0,32076.0,33023.0,33850.0,34730.0,35863.0,36756.0,36982.0,36463.9576,37240.299,37761.5352,38807.28,39390.6254,40412.751,41722.6703,43072.758,44575.8486,45886.4705,45878.0092,46266.2959,47157.9953
1984,0.0012706995373316,0.0102799268091908,-0.7495911686753395,-0.1861067162237386,0.3159456142460671,-0.2567376142900625,-0.1861067162237386,-0.1310266546399723,-0.2567376142900625,-0.0586909184901965,0.4454016560286082,32076.0,-1.1174006079084648,1,1964,1965,1966,1967,1968,1969,1970,1971,1972,1973,1974,1975,1976,1977,1978,1979,1980,1981,1982,1983,1984,1985.0,1986.0,1987.0,1988.0,1989.0,1990.0,1991.0,1992.0,1993.0,1994.0,1995.0,1996.0,1997.0,1998.0,1999.0,2000.0,2001.0,2002.0,2003.0,2004.0,20360.0,21390.0,22529.0,22842.0,23691.0,24195.0,23958.0,24394.0,25414.0,26602.0,26286.0,25956.0,27058.0,28001.0,29286.0,29949.0,29611.0,30056.0,29210.0,30158.0,32076.0,33023.0,33850.0,34730.0,35863.0,36756.0,36982.0,36463.9576,37240.299,37761.5352,38807.28,39390.6254,40412.751,41722.6703,43072.758,44575.8486,45886.4705,45878.0092,46266.2959,47157.9953,48492.7171
1985,0.001526813653671,0.0094818945994262,-0.7270886201920767,0.0521586471064047,0.1284340908953075,-0.1483131539625161,0.0521586471064047,0.1284340908953075,-0.1483131539625161,-0.0762754437889027,-0.0762754437889027,33023.0,-1.011991596557699,1,1965,1966,1967,1968,1969,1970,1971,1972,1973,1974,1975,1976,1977,1978,1979,1980,1981,1982,1983,1984,1985,1986.0,1987.0,1988.0,1989.0,1990.0,1991.0,1992.0,1993.0,1994.0,1995.0,1996.0,1997.0,1998.0,1999.0,2000.0,2001.0,2002.0,2003.0,2004.0,2005.0,21390.0,22529.0,22842.0,23691.0,24195.0,23958.0,24394.0,25414.0,26602.0,26286.0,25956.0,27058.0,28001.0,29286.0,29949.0,29611.0,30056.0,29210.0,30158.0,32076.0,33023.0,33850.0,34730.0,35863.0,36756.0,36982.0,36463.9576,37240.299,37761.5352,38807.28,39390.6254,40412.751,41722.6703,43072.758,44575.8486,45886.4705,45878.0092,46266.2959,47157.9953,48492.7171,49654.7614
1986,0.0016332805552476,0.0086683597027264,-0.6138515196267564,0.1512058036995682,-0.0627200579130279,0.3972993364175386,0.1512058036995682,-0.2962415428228637,-0.1971977262193031,0.4485877593492817,0.2473427405009779,33850.0,-0.9199395877012232,1,1966,1967,1968,1969,1970,1971,1972,1973,1974,1975,1976,1977,1978,1979,1980,1981,1982,1983,1984,1985,1986,1987.0,1988.0,1989.0,1990.0,1991.0,1992.0,1993.0,1994.0,1995.0,1996.0,1997.0,1998.0,1999.0,2000.0,2001.0,2002.0,2003.0,2004.0,2005.0,2006.0,22529.0,22842.0,23691.0,24195.0,23958.0,24394.0,25414.0,26602.0,26286.0,25956.0,27058.0,28001.0,29286.0,29949.0,29611.0,30056.0,29210.0,30158.0,32076.0,33023.0,33850.0,34730.0,35863.0,36756.0,36982.0,36463.9576,37240.299,37761.5352,38807.28,39390.6254,40412.751,41722.6703,43072.758,44575.8486,45886.4705,45878.0092,46266.2959,47157.9953,48492.7171,49654.7614,50489.86
1987,0.001370149215593,0.0103168679468555,-0.7272715223296226,-0.0935877482625627,0.3246255759231486,-0.1491944348348099,-0.0935877482625627,0.0895646160956566,-0.1491944348348099,-0.1831523643582194,-0.1364846128799381,34730.0,-0.8219882360764359,1,1967,1968,1969,1970,1971,1972,1973,1974,1975,1976,1977,1978,1979,1980,1981,1982,1983,1984,1985,1986,1987,1988.0,1989.0,1990.0,1991.0,1992.0,1993.0,1994.0,1995.0,1996.0,1997.0,1998.0,1999.0,2000.0,2001.0,2002.0,2003.0,2004.0,2005.0,2006.0,2007.0,22842.0,23691.0,24195.0,23958.0,24394.0,25414.0,26602.0,26286.0,25956.0,27058.0,28001.0,29286.0,29949.0,29611.0,30056.0,29210.0,30158.0,32076.0,33023.0,33850.0,34730.0,35863.0,36756.0,36982.0,36463.9576,37240.299,37761.5352,38807.28,39390.6254,40412.751,41722.6703,43072.758,44575.8486,45886.4705,45878.0092,46266.2959,47157.9953,48492.7171,49654.7614,50489.86,50901.7447
1988,0.0009173881794927,0.0072622334557509,-0.76985304474961,-0.5147955844804759,-0.3931138332114225,-0.3543657998358205,-0.5147955844804759,-0.3931138332114225,-0.3543657998358205,-0.1216817512690534,-0.1216817512690534,35863.0,-0.6958758708595222,1,1968,1969,1970,1971,1972,1973,1974,1975,1976,1977,1978,1979,1980,1981,1982,1983,1984,1985,1986,1987,1988,1989.0,1990.0,1991.0,1992.0,1993.0,1994.0,1995.0,1996.0,1997.0,1998.0,1999.0,2000.0,2001.0,2002.0,2003.0,2004.0,2005.0,2006.0,2007.0,2008.0,23691.0,24195.0,23958.0,24394.0,25414.0,26602.0,26286.0,25956.0,27058.0,28001.0,29286.0,29949.0,29611.0,30056.0,29210.0,30158.0,32076.0,33023.0,33850.0,34730.0,35863.0,36756.0,36982.0,36463.9576,37240.299,37761.5352,38807.28,39390.6254,40412.751,41722.6703,43072.758,44575.8486,45886.4705,45878.0092,46266.2959,47157.9953,48492.7171,49654.7614,50489.86,50901.7447,50275.7463
1989,0.0011346181148417,0.0100754763377413,-0.7788590918528258,-0.3127045392390206,0.2679064262506728,-0.3977598090777931,-0.3127045392390206,0.1017721272734437,-0.3977598090777931,-0.3786451294932623,-0.3786451294932623,36756.0,-0.5964775106311869,1,1969,1970,1971,1972,1973,1974,1975,1976,1977,1978,1979,1980,1981,1982,1983,1984,1985,1986,1987,1988,1989,1990.0,1991.0,1992.0,1993.0,1994.0,1995.0,1996.0,1997.0,1998.0,1999.0,2000.0,2001.0,2002.0,2003.0,2004.0,2005.0,2006.0,2007.0,2008.0,2009.0,24195.0,23958.0,24394.0,25414.0,26602.0,26286.0,25956.0,27058.0,28001.0,29286.0,29949.0,29611.0,30056.0,29210.0,30158.0,32076.0,33023.0,33850.0,34730.0,35863.0,36756.0,36982.0,36463.9576,37240.299,37761.5352,38807.28,39390.6254,40412.751,41722.6703,43072.758,44575.8486,45886.4705,45878.0092,46266.2959,47157.9953,48492.7171,49654.7614,50489.86,50901.7447,50275.7463,48452.9335
1990,0.001430964302212,0.0079040985988078,-0.7019531206785822,-0.0370109030798716,-0.2422964736015265,-0.0272022952595118,-0.0370109030798716,-0.2422964736015265,-0.1650787701763235,0.0640449120036748,0.0640449120036748,36982.0,-0.5713218226002756,1,1970,1971,1972,1973,1974,1975,1976,1977,1978,1979,1980,1981,1982,1983,1984,1985,1986,1987,1988,1989,1990,1991.0,1992.0,1993.0,1994.0,1995.0,1996.0,1997.0,1998.0,1999.0,2000.0,2001.0,2002.0,2003.0,2004.0,2005.0,2006.0,2007.0,2008.0,2009.0,2010.0,23958.0,24394.0,25414.0,26602.0,26286.0,25956.0,27058.0,28001.0,29286.0,29949.0,29611.0,30056.0,29210.0,30158.0,32076.0,33023.0,33850.0,34730.0,35863.0,36756.0,36982.0,36463.9576,37240.299,37761.5352,38807.28,39390.6254,40412.751,41722.6703,43072.758,44575.8486,45886.4705,45878.0092,46266.2959,47157.9953,48492.7171,49654.7614,50489.86,50901.7447,50275.7463,48452.9335,49266.9159
1991,0.0013677842699112,0.0089977004180666,-0.7061727308978909,-0.0957878794001665,0.0146642612651311,-0.0475337239935257,-0.2481417442303387,0.0146642612651311,-0.1949725530844977,-0.28867061467737,-0.2988952808932948,36463.9576,-0.6289842695081718,1,1971,1972,1973,1974,1975,1976,1977,1978,1979,1980,1981,1982,1983,1984,1985,1986,1987,1988,1989,1990,1991,1992.0,1993.0,1994.0,1995.0,1996.0,1997.0,1998.0,1999.0,2000.0,2001.0,2002.0,2003.0,2004.0,2005.0,2006.0,2007.0,2008.0,2009.0,2010.0,2011.0,24394.0,25414.0,26602.0,26286.0,25956.0,27058.0,28001.0,29286.0,29949.0,29611.0,30056.0,29210.0,30158.0,32076.0,33023.0,33850.0,34730.0,35863.0,36756.0,36982.0,36463.9576,37240.299,37761.5352,38807.28,39390.6254,40412.751,41722.6703,43072.758,44575.8486,45886.4705,45878.0092,46266.2959,47157.9953,48492.7171,49654.7614,50489.86,50901.7447,50275.7463,48452.9335,49266.9159,49675.0
1992,0.0013122391122268,0.0092486625970424,-0.7202416232325779,-0.1474620602928412,0.0736321824935931,-0.1153221373783197,-0.2865038415084877,0.0736321824935931,-0.3118291831785061,-0.3401694447320439,-0.2491452325884266,37240.299,-0.5425709860396725,1,1972,1973,1974,1975,1976,1977,1978,1979,1980,1981,1982,1983,1984,1985,1986,1987,1988,1989,1990,1991,1992,1993.0,1994.0,1995.0,1996.0,1997.0,1998.0,1999.0,2000.0,2001.0,2002.0,2003.0,2004.0,2005.0,2006.0,2007.0,2008.0,2009.0,2010.0,2011.0,2012.0,25414.0,26602.0,26286.0,25956.0,27058.0,28001.0,29286.0,29949.0,29611.0,30056.0,29210.0,30158.0,32076.0,33023.0,33850.0,34730.0,35863.0,36756.0,36982.0,36463.9576,37240.299,37761.5352,38807.28,39390.6254,40412.751,41722.6703,43072.758,44575.8486,45886.4705,45878.0092,46266.2959,47157.9953,48492.7171,49654.7614,50489.86,50901.7447,50275.7463,48452.9335,49266.9159,49675.0,50394.0
1993,0.0013445706622457,0.0097071173242318,-0.751818697108557,-0.1173837162234439,0.1813540804706218,-0.2674705572016405,-0.1173837162234439,0.06629692590606,-0.2674705572016405,-0.2281326214926941,-0.2281326214926941,37761.5352,-0.4845530425103907,1,1973,1974,1975,1976,1977,1978,1979,1980,1981,1982,1983,1984,1985,1986,1987,1988,1989,1990,1991,1992,1993,1994.0,1995.0,1996.0,1997.0,1998.0,1999.0,2000.0,2001.0,2002.0,2003.0,2004.0,2005.0,2006.0,2007.0,2008.0,2009.0,2010.0,2011.0,2012.0,2013.0,26602.0,26286.0,25956.0,27058.0,28001.0,29286.0,29949.0,29611.0,30056.0,29210.0,30158.0,32076.0,33023.0,33850.0,34730.0,35863.0,36756.0,36982.0,36463.9576,37240.299,37761.5352,38807.28,39390.6254,40412.751,41722.6703,43072.758,44575.8486,45886.4705,45878.0092,46266.2959,47157.9953,48492.7171,49654.7614,50489.86,50901.7447,50275.7463,48452.9335,49266.9159,49675.0,50394.0,50863.0
1994,0.0012657777212629,0.0084112881698742,-0.7154517013767242,-0.1906855278512579,-0.1231234779071245,-0.092242765163286,-0.1906855278512579,-0.1231234779071245,-0.092242765163286,-0.0675620499441334,-0.0675620499441334,38807.28,-0.3681529099938079,1,1974,1975,1976,1977,1978,1979,1980,1981,1982,1983,1984,1985,1986,1987,1988,1989,1990,1991,1992,1993,1994,1995.0,1996.0,1997.0,1998.0,1999.0,2000.0,2001.0,2002.0,2003.0,2004.0,2005.0,2006.0,2007.0,2008.0,2009.0,2010.0,2011.0,2012.0,2013.0,2014.0,26286.0,25956.0,27058.0,28001.0,29286.0,29949.0,29611.0,30056.0,29210.0,30158.0,32076.0,33023.0,33850.0,34730.0,35863.0,36756.0,36982.0,36463.9576,37240.299,37761.5352,38807.28,39390.6254,40412.751,41722.6703,43072.758,44575.8486,45886.4705,45878.0092,46266.2959,47157.9953,48492.7171,49654.7614,50489.86,50901.7447,50275.7463,48452.9335,49266.9159,49675.0,50394.0,50863.0,51664.0
1995,0.0013224282608182,0.0097674415697144,-0.7473288223078274,-0.1379829998418159,0.1955283093138019,-0.2458369074588371,-0.3429815701728216,0.0906269423846953,-0.3840635007534432,-0.6184801161244123,-0.3623600925858962,39390.6254,-0.3032216936368738,1,1975,1976,1977,1978,1979,1980,1981,1982,1983,1984,1985,1986,1987,1988,1989,1990,1991,1992,1993,1994,1995,1996.0,1997.0,1998.0,1999.0,2000.0,2001.0,2002.0,2003.0,2004.0,2005.0,2006.0,2007.0,2008.0,2009.0,2010.0,2011.0,2012.0,2013.0,2014.0,2015.0,25956.0,27058.0,28001.0,29286.0,29949.0,29611.0,30056.0,29210.0,30158.0,32076.0,33023.0,33850.0,34730.0,35863.0,36756.0,36982.0,36463.9576,37240.299,37761.5352,38807.28,39390.6254,40412.751,41722.6703,43072.758,44575.8486,45886.4705,45878.0092,46266.2959,47157.9953,48492.7171,49654.7614,50489.86,50901.7447,50275.7463,48452.9335,49266.9159,49675.0,50394.0,50863.0,51664.0,52591.0
1996,0.0011387172924005,0.0089549504148209,-0.7334107298673376,-0.3088910359290012,0.0046194057646114,-0.1787750960923853,-0.3088910359290012,-0.1171085352012768,-0.3647649364114284,-0.1963825548308313,-0.1963825548308313,40412.751,-0.1894505753979003,1,1976,1977,1978,1979,1980,1981,1982,1983,1984,1985,1986,1987,1988,1989,1990,1991,1992,1993,1994,1995,1996,1997.0,1998.0,1999.0,2000.0,2001.0,2002.0,2003.0,2004.0,2005.0,2006.0,2007.0,2008.0,2009.0,2010.0,2011.0,2012.0,2013.0,2014.0,2015.0,2016.0,27058.0,28001.0,29286.0,29949.0,29611.0,30056.0,29210.0,30158.0,32076.0,33023.0,33850.0,34730.0,35863.0,36756.0,36982.0,36463.9576,37240.299,37761.5352,38807.28,39390.6254,40412.751,41722.6703,43072.758,44575.8486,45886.4705,45878.0092,46266.2959,47157.9953,48492.7171,49654.7614,50489.86,50901.7447,50275.7463,48452.9335,49266.9159,49675.0,50394.0,50863.0,51664.0,52591.0,53015.0
1997,0.0015285388775768,0.0097237257059077,-0.7214500162194906,0.0537636390787742,0.1852565081049087,-0.1211445604504019,-0.280799910113293,0.0311024102358755,-0.3368573317256851,-0.3388688993642353,-0.157603250274949,41722.6703,-0.0436456140860874,1,1977,1978,1979,1980,1981,1982,1983,1984,1985,1986,1987,1988,1989,1990,1991,1992,1993,1994,1995,1996,1997,1998.0,1999.0,2000.0,2001.0,2002.0,2003.0,2004.0,2005.0,2006.0,2007.0,2008.0,2009.0,2010.0,2011.0,2012.0,2013.0,2014.0,2015.0,2016.0,,28001.0,29286.0,29949.0,29611.0,30056.0,29210.0,30158.0,32076.0,33023.0,33850.0,34730.0,35863.0,36756.0,36982.0,36463.9576,37240.299,37761.5352,38807.28,39390.6254,40412.751,41722.6703,43072.758,44575.8486,45886.4705,45878.0092,46266.2959,47157.9953,48492.7171,49654.7614,50489.86,50901.7447,50275.7463,48452.9335,49266.9159,49675.0,50394.0,50863.0,51664.0,52591.0,53015.0,
1998,0.0013978579546068,0.0090488120958053,-0.7141588862057369,-0.0678100486070143,0.0266738373656123,-0.0860135690648167,-0.2008942966853208,-0.0337953788172888,-0.1872723859720314,-0.1476663262827956,-0.1476663262827956,43072.758,0.1066304257173224,1,1978,1979,1980,1981,1982,1983,1984,1985,1986,1987,1988,1989,1990,1991,1992,1993,1994,1995,1996,1997,1998,1999.0,2000.0,2001.0,2002.0,2003.0,2004.0,2005.0,2006.0,2007.0,2008.0,2009.0,2010.0,2011.0,2012.0,2013.0,2014.0,2015.0,2016.0,,,29286.0,29949.0,29611.0,30056.0,29210.0,30158.0,32076.0,33023.0,33850.0,34730.0,35863.0,36756.0,36982.0,36463.9576,37240.299,37761.5352,38807.28,39390.6254,40412.751,41722.6703,43072.758,44575.8486,45886.4705,45878.0092,46266.2959,47157.9953,48492.7171,49654.7614,50489.86,50901.7447,50275.7463,48452.9335,49266.9159,49675.0,50394.0,50863.0,51664.0,52591.0,53015.0,,
1999,0.0014112790329784,0.0091859726833789,-0.7123819093656052,-0.0553242935842132,0.0589020988379211,-0.077451527523205,-0.0553242935842132,-0.0011008114111674,-0.140431814899289,-0.0938801684704377,-0.0999864074010713,44575.8486,0.2739369664951771,1,1979,1980,1981,1982,1983,1984,1985,1986,1987,1988,1989,1990,1991,1992,1993,1994,1995,1996,1997,1998,1999,2000.0,2001.0,2002.0,2003.0,2004.0,2005.0,2006.0,2007.0,2008.0,2009.0,2010.0,2011.0,2012.0,2013.0,2014.0,2015.0,2016.0,,,,29949.0,29611.0,30056.0,29210.0,30158.0,32076.0,33023.0,33850.0,34730.0,35863.0,36756.0,36982.0,36463.9576,37240.299,37761.5352,38807.28,39390.6254,40412.751,41722.6703,43072.758,44575.8486,45886.4705,45878.0092,46266.2959,47157.9953,48492.7171,49654.7614,50489.86,50901.7447,50275.7463,48452.9335,49266.9159,49675.0,50394.0,50863.0,51664.0,52591.0,53015.0,,,
2000,0.0017627020795517,0.0097066088723598,-0.6858712872147805,0.2716078610004814,0.1812346108754024,0.0502851109197077,0.0814530419232887,0.1812346108754024,-0.0181174973777053,-0.0884173249300002,-0.1578625812254342,45886.4705,0.4198201330565945,1,1980,1981,1982,1983,1984,1985,1986,1987,1988,1989,1990,1991,1992,1993,1994,1995,1996,1997,1998,1999,2000,2001.0,2002.0,2003.0,2004.0,2005.0,2006.0,2007.0,2008.0,2009.0,2010.0,2011.0,2012.0,2013.0,2014.0,2015.0,2016.0,,,,,29611.0,30056.0,29210.0,30158.0,32076.0,33023.0,33850.0,34730.0,35863.0,36756.0,36982.0,36463.9576,37240.299,37761.5352,38807.28,39390.6254,40412.751,41722.6703,43072.758,44575.8486,45886.4705,45878.0092,46266.2959,47157.9953,48492.7171,49654.7614,50489.86,50901.7447,50275.7463,48452.9335,49266.9159,49675.0,50394.0,50863.0,51664.0,52591.0,53015.0,,,,
2001,0.0015806030347394,0.0092160166125253,-0.6788898235928505,0.102199412554039,0.0659614416222633,0.0839240307988129,0.102199412554039,-0.0084492830920114,-0.0238379749906838,0.1272998021359091,0.0194891755331616,45878.0092,0.4188783196798865,1,1981,1982,1983,1984,1985,1986,1987,1988,1989,1990,1991,1992,1993,1994,1995,1996,1997,1998,1999,2000,2001,2002.0,2003.0,2004.0,2005.0,2006.0,2007.0,2008.0,2009.0,2010.0,2011.0,2012.0,2013.0,2014.0,2015.0,2016.0,,,,,,30056.0,29210.0,30158.0,32076.0,33023.0,33850.0,34730.0,35863.0,36756.0,36982.0,36463.9576,37240.299,37761.5352,38807.28,39390.6254,40412.751,41722.6703,43072.758,44575.8486,45886.4705,45878.0092,46266.2959,47157.9953,48492.7171,49654.7614,50489.86,50901.7447,50275.7463,48452.9335,49266.9159,49675.0,50394.0,50863.0,51664.0,52591.0,53015.0,,,,,
2002,0.0015063047652905,0.0106869850380288,-0.6667772341661199,0.0330790359888717,0.4115910125745387,0.1422863524149287,-0.0770737392884723,0.0743665009542654,-0.3770511178765566,-0.1194586787335291,-0.1786672881336118,46266.2959,0.4620978731832137,1,1982,1983,1984,1985,1986,1987,1988,1989,1990,1991,1992,1993,1994,1995,1996,1997,1998,1999,2000,2001,2002,2003.0,2004.0,2005.0,2006.0,2007.0,2008.0,2009.0,2010.0,2011.0,2012.0,2013.0,2014.0,2015.0,2016.0,,,,,,,29210.0,30158.0,32076.0,33023.0,33850.0,34730.0,35863.0,36756.0,36982.0,36463.9576,37240.299,37761.5352,38807.28,39390.6254,40412.751,41722.6703,43072.758,44575.8486,45886.4705,45878.0092,46266.2959,47157.9953,48492.7171,49654.7614,50489.86,50901.7447,50275.7463,48452.9335,49266.9159,49675.0,50394.0,50863.0,51664.0,52591.0,53015.0,,,,,,
2003,0.0017363283236965,0.0087084060831418,-0.6445368770073413,0.2470721086919565,-0.0533104655375475,0.249447491262203,0.0666901057499963,-0.1694603312303422,0.0349912953782207,0.109310225864849,0.109310225864849,47157.9953,0.5613514657661823,1,1983,1984,1985,1986,1987,1988,1989,1990,1991,1992,1993,1994,1995,1996,1997,1998,1999,2000,2001,2002,2003,2004.0,2005.0,2006.0,2007.0,2008.0,2009.0,2010.0,2011.0,2012.0,2013.0,2014.0,2015.0,2016.0,,,,,,,,30158.0,32076.0,33023.0,33850.0,34730.0,35863.0,36756.0,36982.0,36463.9576,37240.299,37761.5352,38807.28,39390.6254,40412.751,41722.6703,43072.758,44575.8486,45886.4705,45878.0092,46266.2959,47157.9953,48492.7171,49654.7614,50489.86,50901.7447,50275.7463,48452.9335,49266.9159,49675.0,50394.0,50863.0,51664.0,52591.0,53015.0,,,,,,,
2004,0.0011125658882665,0.0077670966151273,-0.7391539832195011,-0.3332199323469336,-0.2744874683354178,-0.2064479237143705,-0.3332199323469336,-0.2744874683354178,-0.2064479237143705,-0.1360708606648835,-0.0408423247286466,48492.7171,0.7099171525310334,1,1984,1985,1986,1987,1988,1989,1990,1991,1992,1993,1994,1995,1996,1997,1998,1999,2000,2001,2002,2003,2004,2005.0,2006.0,2007.0,2008.0,2009.0,2010.0,2011.0,2012.0,2013.0,2014.0,2015.0,2016.0,,,,,,,,,32076.0,33023.0,33850.0,34730.0,35863.0,36756.0,36982.0,36463.9576,37240.299,37761.5352,38807.28,39390.6254,40412.751,41722.6703,43072.758,44575.8486,45886.4705,45878.0092,46266.2959,47157.9953,48492.7171,49654.7614,50489.86,50901.7447,50275.7463,48452.9335,49266.9159,49675.0,50394.0,50863.0,51664.0,52591.0,53015.0,,,,,,,,
2005,0.0013631199030253,0.0088954287057687,-0.7470561705748984,-0.1001271836394439,-0.0093662532103807,-0.2445231843922171,-0.1001271836394439,-0.1526380863240516,-0.2445231843922171,-0.2968091118333244,-0.1062101922576553,49654.7614,0.8392623909774879,1,1985,1986,1987,1988,1989,1990,1991,1992,1993,1994,1995,1996,1997,1998,1999,2000,2001,2002,2003,2004,2005,2006.0,2007.0,2008.0,2009.0,2010.0,2011.0,2012.0,2013.0,2014.0,2015.0,2016.0,,,,,,,,,,33023.0,33850.0,34730.0,35863.0,36756.0,36982.0,36463.9576,37240.299,37761.5352,38807.28,39390.6254,40412.751,41722.6703,43072.758,44575.8486,45886.4705,45878.0092,46266.2959,47157.9953,48492.7171,49654.7614,50489.86,50901.7447,50275.7463,48452.9335,49266.9159,49675.0,50394.0,50863.0,51664.0,52591.0,53015.0,,,,,,,,,
2006,0.0010075028545062,0.0094697450846644,-0.7748353070343671,-0.4309610575502583,0.1255793514586421,-0.3783719296231591,-0.4309610575502583,-0.1489160021857983,-0.3783719296231591,-0.2549534154091326,-0.0995034817734987,50489.86,0.9322158416706328,1,1986,1987,1988,1989,1990,1991,1992,1993,1994,1995,1996,1997,1998,1999,2000,2001,2002,2003,2004,2005,2006,2007.0,2008.0,2009.0,2010.0,2011.0,2012.0,2013.0,2014.0,2015.0,2016.0,,,,,,,,,,,33850.0,34730.0,35863.0,36756.0,36982.0,36463.9576,37240.299,37761.5352,38807.28,39390.6254,40412.751,41722.6703,43072.758,44575.8486,45886.4705,45878.0092,46266.2959,47157.9953,48492.7171,49654.7614,50489.86,50901.7447,50275.7463,48452.9335,49266.9159,49675.0,50394.0,50863.0,51664.0,52591.0,53015.0,,,,,,,,,,
2007,0.0011311044004038,0.0079132828948913,-0.741688667881303,-0.3159733807193382,-0.2401384637763043,-0.2186608433648179,-0.3159733807193382,-0.3523938787305308,-0.3491622875107174,-0.0194087098767578,-0.1559080975014012,50901.7447,0.9780620497144624,1,1987,1988,1989,1990,1991,1992,1993,1994,1995,1996,1997,1998,1999,2000,2001,2002,2003,2004,2005,2006,2007,2008.0,2009.0,2010.0,2011.0,2012.0,2013.0,2014.0,2015.0,2016.0,,,,,,,,,,,,34730.0,35863.0,36756.0,36982.0,36463.9576,37240.299,37761.5352,38807.28,39390.6254,40412.751,41722.6703,43072.758,44575.8486,45886.4705,45878.0092,46266.2959,47157.9953,48492.7171,49654.7614,50489.86,50901.7447,50275.7463,48452.9335,49266.9159,49675.0,50394.0,50863.0,51664.0,52591.0,53015.0,,,,,,,,,,,
2008,0.0012601188836369,0.0067855667112905,-0.6846568238114683,-0.1959499975425661,-0.5051149608486141,0.0561367831953889,-0.1959499975425661,-0.5051149608486141,-0.0390593667479596,0.1874765756398047,0.0930423383825376,50275.7463,0.9083831981292868,1,1988,1989,1990,1991,1992,1993,1994,1995,1996,1997,1998,1999,2000,2001,2002,2003,2004,2005,2006,2007,2008,2009.0,2010.0,2011.0,2012.0,2013.0,2014.0,2015.0,2016.0,,,,,,,,,,,,,35863.0,36756.0,36982.0,36463.9576,37240.299,37761.5352,38807.28,39390.6254,40412.751,41722.6703,43072.758,44575.8486,45886.4705,45878.0092,46266.2959,47157.9953,48492.7171,49654.7614,50489.86,50901.7447,50275.7463,48452.9335,49266.9159,49675.0,50394.0,50863.0,51664.0,52591.0,53015.0,,,,,,,,,,,,
2009,0.0013334305794129,0.0080870870704127,-0.6891648244978147,-0.1277474397136708,-0.1993001550990639,0.0344157971507699,-0.1277474397136708,-0.1993001550990639,-0.0927487651323474,0.050344887120004,0.050344887120004,48452.93350000001,0.7054889054941015,1,1989,1990,1991,1992,1993,1994,1995,1996,1997,1998,1999,2000,2001,2002,2003,2004,2005,2006,2007,2008,2009,2010.0,2011.0,2012.0,2013.0,2014.0,2015.0,2016.0,,,,,,,,,,,,,,36756.0,36982.0,36463.9576,37240.299,37761.5352,38807.28,39390.6254,40412.751,41722.6703,43072.758,44575.8486,45886.4705,45878.0092,46266.2959,47157.9953,48492.7171,49654.7614,50489.86,50901.7447,50275.7463,48452.9335,49266.9159,49675.0,50394.0,50863.0,51664.0,52591.0,53015.0,,,,,,,,,,,,,
2010,0.0019023981261027,0.0087020674028901,-0.6573312177679489,0.4015684026644611,-0.054799848516682,0.1878002741371109,0.0983487293574421,-0.1259365415851321,-0.0153482197184825,0.2175289125222174,-0.0057306354109222,49266.9159,0.7960919467199974,1,1990,1991,1992,1993,1994,1995,1996,1997,1998,1999,2000,2001,2002,2003,2004,2005,2006,2007,2008,2009,2010,2011.0,2012.0,2013.0,2014.0,2015.0,2016.0,,,,,,,,,,,,,,,36982.0,36463.9576,37240.299,37761.5352,38807.28,39390.6254,40412.751,41722.6703,43072.758,44575.8486,45886.4705,45878.0092,46266.2959,47157.9953,48492.7171,49654.7614,50489.86,50901.7447,50275.7463,48452.9335,49266.9159,49675.0,50394.0,50863.0,51664.0,52591.0,53015.0,,,,,,,,,,,,,,
2011,0.0015916042749138,0.0095209159311588,-0.666101658563084,0.1124339694175934,0.1376028302855692,0.1455414912817152,-0.2034409288774766,-0.2450705084168754,-0.1924010083030857,0.0984633033162007,0.0984633033162007,49675.0,0.8415151162331619,1,1991,1992,1993,1994,1995,1996,1997,1998,1999,2000,2001,2002,2003,2004,2005,2006,2007,2008,2009,2010,2011,2012.0,2013.0,2014.0,2015.0,2016.0,,,,,,,,,,,,,,,,36463.9576,37240.299,37761.5352,38807.28,39390.6254,40412.751,41722.6703,43072.758,44575.8486,45886.4705,45878.0092,46266.2959,47157.9953,48492.7171,49654.7614,50489.86,50901.7447,50275.7463,48452.9335,49266.9159,49675.0,50394.0,50863.0,51664.0,52591.0,53015.0,,,,,,,,,,,,,,,
2012,0.0019260130564605,0.0087582373150914,-0.6174629646496023,0.4235375937506089,-0.041601752406706,0.379898241697271,0.0620496768101353,-0.041601752406706,0.2727436778951631,0.1480544159217015,0.0336071655387795,50394.0,0.921545822844778,1,1992,1993,1994,1995,1996,1997,1998,1999,2000,2001,2002,2003,2004,2005,2006,2007,2008,2009,2010,2011,2012,2013.0,2014.0,2015.0,2016.0,,,,,,,,,,,,,,,,,37240.299,37761.5352,38807.28,39390.6254,40412.751,41722.6703,43072.758,44575.8486,45886.4705,45878.0092,46266.2959,47157.9953,48492.7171,49654.7614,50489.86,50901.7447,50275.7463,48452.9335,49266.9159,49675.0,50394.0,50863.0,51664.0,52591.0,53015.0,,,,,,,,,,,,,,,,
2013,0.0011038495329956,0.0065977035350868,-0.7448235844877312,-0.3413288393654815,-0.5492566758325973,-0.2337658720897486,-0.573336034147791,-0.7673083405465034,-0.2337658720897486,0.1223010316750088,0.1223010316750088,50863.0,0.9737494409266249,1,1993,1994,1995,1996,1997,1998,1999,2000,2001,2002,2003,2004,2005,2006,2007,2008,2009,2010,2011,2012,2013,2014.0,2015.0,2016.0,,,,,,,,,,,,,,,,,,37761.5352,38807.28,39390.6254,40412.751,41722.6703,43072.758,44575.8486,45886.4705,45878.0092,46266.2959,47157.9953,48492.7171,49654.7614,50489.86,50901.7447,50275.7463,48452.9335,49266.9159,49675.0,50394.0,50863.0,51664.0,52591.0,53015.0,,,,,,,,,,,,,,,,,
2014,0.0018739984369329,0.0071547867694773,-0.6228356612691845,0.3751479056015907,-0.4183602976719409,0.3540108746768144,0.0155668754899357,-0.4183602976719409,-0.1280386435896666,0.3482368232475067,0.0280949748261997,51664.0,1.062907432576005,1,1994,1995,1996,1997,1998,1999,2000,2001,2002,2003,2004,2005,2006,2007,2008,2009,2010,2011,2012,2013,2014,2015.0,2016.0,,,,,,,,,,,,,,,,,,,38807.28,39390.6254,40412.751,41722.6703,43072.758,44575.8486,45886.4705,45878.0092,46266.2959,47157.9953,48492.7171,49654.7614,50489.86,50901.7447,50275.7463,48452.9335,49266.9159,49675.0,50394.0,50863.0,51664.0,52591.0,53015.0,,,,,,,,,,,,,,,,,,
2015,0.0012554459571248,0.008559161135614,-0.7326965952906083,-0.2002972648823087,-0.0883781571932555,-0.1753341677841665,-0.2002972648823087,-0.0883781571932555,-0.1753341677841665,0.0276998355545216,0.0276998355545216,52591.0,1.1660902768443888,1,1995,1996,1997,1998,1999,2000,2001,2002,2003,2004,2005,2006,2007,2008,2009,2010,2011,2012,2013,2014,2015,2016.0,,,,,,,,,,,,,,,,,,,,39390.6254,40412.751,41722.6703,43072.758,44575.8486,45886.4705,45878.0092,46266.2959,47157.9953,48492.7171,49654.7614,50489.86,50901.7447,50275.7463,48452.9335,49266.9159,49675.0,50394.0,50863.0,51664.0,52591.0,53015.0,,,,,,,,,,,,,,,,,,,
2016,0.0012031426406941,0.0108720170504605,-0.7650590204369301,-0.2489555304666467,0.4550674964747952,-0.3312666606744909,-0.2489555304666467,0.1811780722432863,-0.3312666606744909,-0.4303178555922993,-0.1225709968172492,53015.0,1.2132850189908773,1,1996,1997,1998,1999,2000,2001,2002,2003,2004,2005,2006,2007,2008,2009,2010,2011,2012,2013,2014,2015,2016,,,,,,,,,,,,,,,,,,,,,40412.751,41722.6703,43072.758,44575.8486,45886.4705,45878.0092,46266.2959,47157.9953,48492.7171,49654.7614,50489.86,50901.7447,50275.7463,48452.9335,49266.9159,49675.0,50394.0,50863.0,51664.0,52591.0,53015.0,,,,,,,,,,,,,,,,,,,,
